label,category,source,url,local_path,sha256,overlay_style
打call,动作支援,cv17965114,https://i0.hdslb.com/bfs/article/e3715b592add3c8945558320973c9d5a544278bb.png,assets/cover-emotes/wushen/动作支援/17965114_01_打call.png,d2c7c974f8c08b0ef608df8de0c242e918a65627445a4fc7eab772252c04e330,sticker
扶墨镜,动作支援,cv17965114,https://i0.hdslb.com/bfs/article/d0b5e36186e22fb0c49c360c2a6cacee867d8c88.png,assets/cover-emotes/wushen/动作支援/17965114_17_扶墨镜.png,b5ce6f7df7b9e1e242960ce696c23b4259564b1c6d26b38a09f8bbbd453846e0,sticker
指着咪,动作支援,cv30277853,https://i0.hdslb.com/bfs/article/00e5633fa30fb6bee24daed7350ba6a3353403349.png,assets/cover-emotes/wushen/动作支援/30277853_36_指着咪.png,854cd723c6897cfe71375aff69381c23b7d994152d38d1d9fc1788b6687edff6,sticker
打call喵,动作支援,cv30277853,https://i0.hdslb.com/bfs/article/eab3023e93930803a98270296022f766353403349.png,assets/cover-emotes/wushen/动作支援/30277853_41_打call喵.png,c616f01b6ce92e338bca8330d8e561658e9f7d87df668dfcfca39a5aeb225ece,sticker
恰根猫条,吃喝日常,cv17965114,https://i0.hdslb.com/bfs/article/56b39b0d65b5cb1da0f92d7dc39a9836cc2a0e84.png,assets/cover-emotes/wushen/吃喝日常/17965114_05_恰根猫条.png,c7e70b2674f0b6e4a7c1fb7d17a6c7bd03ce5d152b578716fa555972fa6458c2,sticker
呜牛奶呜,吃喝日常,cv17965114,https://i0.hdslb.com/bfs/article/14474ffab8bb6b01d3c60a28c11fefc55f4ee765.png,assets/cover-emotes/wushen/吃喝日常/17965114_14_呜牛奶呜.png,8e1b8f479f33674ebc5309321d53bccb7cbc5b7fccfd4bcd87a13fa9fa3fef63,sticker
莴苣咪,吃喝日常,cv30277853,https://i0.hdslb.com/bfs/article/79a0cea887d27cb7352b0b103ac68275353403349.png,assets/cover-emotes/wushen/吃喝日常/30277853_26_莴苣咪.png,b8dfc080145f6976466e837227f67c1117d0bb93723f0ca661bdff5acf0a723b,sticker
干饭咪,吃喝日常,cv30277853,https://i0.hdslb.com/bfs/article/761c5d0d9afe5bd46db36a08df6adfdf353403349.png,assets/cover-emotes/wushen/吃喝日常/30277853_35_干饭咪.png,6faf6bb70df0c599579229a414c2700199ba967b694312ad989a98ba8ba23f53,sticker
wwww,吐槽得意,cv17965114,https://i0.hdslb.com/bfs/article/d408549657d93a35c8a2f734f7a3b07a6f867d09.png,assets/cover-emotes/wushen/吐槽得意/17965114_02_wwww.png,4a64dd1e7a2a4ecab56607bd9fe8a9442f319e6ac7d213a15365a110329032df,sticker
坏笑咪,吐槽得意,cv30277853,https://i0.hdslb.com/bfs/article/a1c89b5f7c33c2b13861306ec9bf2150353403349.png,assets/cover-emotes/wushen/吐槽得意/30277853_33_坏笑咪.png,7b0de89bf2e831bfbdcba9506bb0d4dbe97af8e0c1ae82b85861193157e3895e,sticker
晚安喵,困倦晚安,cv17965114,https://i0.hdslb.com/bfs/article/32c0005583b4d3a96dfb44b3f83298068ffcec94.png,assets/cover-emotes/wushen/困倦晚安/17965114_04_晚安喵.png,04f38af8938a46504f97cdc66cc3080681eb1216fed4fd020128d059fa5e16de,sticker
小夜灯亮,困倦晚安,cv17965114,https://i0.hdslb.com/bfs/article/4e71d00d46e2c9a9e903760e02cdf6b69f7aa19f.png,assets/cover-emotes/wushen/困倦晚安/17965114_06_小夜灯亮.png,8fa6c9f0f13d0b0ed27851c7de9d625c9721063cd416d57ade82b5d2f3002c46,sticker
晚安咪,困倦晚安,cv30277853,https://i0.hdslb.com/bfs/article/d885bcfc3f38837c754089ea5f512065353403349.png,assets/cover-emotes/wushen/困倦晚安/30277853_23_晚安咪.png,32cd146e53a0bb02836c28d016dd1df7945b30aaa8423aedadf6ff550f74fda0,sticker
哈欠咪,困倦晚安,cv30277853,https://i0.hdslb.com/bfs/article/b089a8912891838137b6e03c59f11eb3353403349.png,assets/cover-emotes/wushen/困倦晚安/30277853_39_哈欠咪.png,102825a942919360dd9d32c9b6844edc9b16b6a44391698ea6d608edde014e99,sticker
灯亮喵,困倦晚安,cv30277853,https://i0.hdslb.com/bfs/article/b048b9f9a9021009fb3c31723b5bd456353403349.png,assets/cover-emotes/wushen/困倦晚安/30277853_43_灯亮喵.png,2d989b80d81580cc5e3c68e4b1c6c298780442d6497189c8f2b10908938a5b1a,sticker
呜呣喵,委屈哭泣,cv17965114,https://i0.hdslb.com/bfs/article/f985d8ee9f14cb3f76de6d87c3a9f10115018162.png,assets/cover-emotes/wushen/委屈哭泣/17965114_10_呜呣喵.png,283b249d4fceddfeb4c0735bf889c79726fac85487f1d7b5ffe868628bf209cf,sticker
呜呜呜呜,委屈哭泣,cv17965114,https://i0.hdslb.com/bfs/article/43931ff0aba0666ba47a2973507c73f000500170.png,assets/cover-emotes/wushen/委屈哭泣/17965114_16_呜呜呜呜.png,56b7cd7076850f91cee555280d73479b3d83f9d66b642df58a7d4cbd1e2add19,sticker
爆哭咪,委屈哭泣,cv30277853,https://i0.hdslb.com/bfs/article/3e9322c645c2ad6206ea94653211b2bb353403349.png,assets/cover-emotes/wushen/委屈哭泣/30277853_29_爆哭咪.png,fd70ac83e659b9131fd277d968e6024a2a2b38c79459aca90ab794d7bbfef21f,sticker
假哭咪,委屈哭泣,cv30277853,https://i0.hdslb.com/bfs/article/bd5899cd836d93c7e2603c48e3dc1e2d353403349.png,assets/cover-emotes/wushen/委屈哭泣/30277853_32_假哭咪.png,efd88b48a095fcc7fa6abba32d7cb09f0d7a985f22b3001626335137e6517579,sticker
委屈嘤嘤,委屈哭泣,user-provided,,assets/cover-emotes/wushen/委屈哭泣/user_04_委屈嘤嘤.webp,ad4882a8199c92eb1b5b95d18ff40d0851c810957b8714ed8b0e89a2dddd85dc,tile
笔芯喵,害羞亲昵,cv17965114,https://i0.hdslb.com/bfs/article/0bbba7672b879edc6a0c679687e4e4e6bead99a6.png,assets/cover-emotes/wushen/害羞亲昵/17965114_03_笔芯喵.png,23ec5068f237c92b5a61247aadc577bad0908e4c12b605f08f42f566d092ec12,sticker
喵喵喵,害羞亲昵,cv17965114,https://i0.hdslb.com/bfs/article/42e159841bf76311227897af6725d6b38cd9b5ed.png,assets/cover-emotes/wushen/害羞亲昵/17965114_08_喵喵喵.png,591f2c8ae7a3e252359b1f6411e7169fa405e013777a82bc84cdf6684777b921,sticker
拥抱太阳,害羞亲昵,cv17965114,https://i0.hdslb.com/bfs/article/9f516be9e24ee8408fa73fc41279b8c2350868ab.png,assets/cover-emotes/wushen/害羞亲昵/17965114_20_拥抱太阳.png,6776a4fc99a0961c8a295c9ec63cb566a5f6713d6d0ab55c391706de92108506,sticker
啵唧咪,害羞亲昵,cv30277853,https://i0.hdslb.com/bfs/article/1ac08093777d6e9c71de0973583a67f1353403349.png,assets/cover-emotes/wushen/害羞亲昵/30277853_25_啵唧咪.png,fca8fcc2fab208074437b874d84d69d507748feae7fa254e81f082a1beb4e6c8,sticker
拜托咪,害羞亲昵,cv30277853,https://i0.hdslb.com/bfs/article/2ba241d43779654da334df4ef9814325353403349.png,assets/cover-emotes/wushen/害羞亲昵/30277853_28_拜托咪.png,4c022d72426893ee38bb8060ce39bbb5b29270484d2d2009a0f6bbdc5b0b5f21,sticker
啾啾咪,害羞亲昵,cv30277853,https://i0.hdslb.com/bfs/article/fe80d7771265021b565274d4788e6cc5353403349.png,assets/cover-emotes/wushen/害羞亲昵/30277853_30_啾啾咪.png,af907cb880534116954b5d822b1fa40ebe060487960d08da43e2fc78cc3b7ad6,sticker
迷人咪,害羞亲昵,cv30277853,https://i0.hdslb.com/bfs/article/a7d64500a91398964a98b318fcd5a86a353403349.png,assets/cover-emotes/wushen/害羞亲昵/30277853_31_迷人咪.png,498b221f8f4da1c36131b0967d2816bf3e7d5fdb7c5f7340301b9c6c9dc2b2f8,sticker
有趣喵,开心赞同,cv17965114,https://i0.hdslb.com/bfs/article/04ba5b1d06adc43d00feb7082fbcc628fd22860b.png,assets/cover-emotes/wushen/开心赞同/17965114_19_有趣喵.png,c8fb522a35848961e17ae5a6c4bcb0e381430432d7f8761300a11b90cafd19ea,sticker
期待咪,开心赞同,cv30277853,https://i0.hdslb.com/bfs/article/82e4a3de2ad7dbaa7bc1b567fffde3f0353403349.png,assets/cover-emotes/wushen/开心赞同/30277853_21_期待咪.png,08f4886986a0861dacb6f2caad0f85c30f60eeb2dc983206b1248ca93c67aa42,sticker
蟹蟹咪,开心赞同,cv30277853,https://i0.hdslb.com/bfs/article/95d2ae64e390e35002a5c38e1131fb12353403349.png,assets/cover-emotes/wushen/开心赞同/30277853_22_蟹蟹咪.png,8dd758b61152a9370b0dc01dd14f3be1e90c415033e301b274aa4fcee3bd3fca,sticker
感动咪,开心赞同,cv30277853,https://i0.hdslb.com/bfs/article/9e78fdce312134bb0ac1e08bf51f931a353403349.png,assets/cover-emotes/wushen/开心赞同/30277853_24_感动咪.png,8d188eead7f11f34ce5afed88cb4ee09b57a1092e7043995460180dc4b1d68f0,sticker
哈哈喵,开心赞同,cv30277853,https://i0.hdslb.com/bfs/article/23b741266812cddc60c6a0846fcb029d353403349.png,assets/cover-emotes/wushen/开心赞同/30277853_42_哈哈喵.png,149effd95fe4da25d3f129cb3f3aa472f0dab9f7fcfaaffb61ce356527bd40ae,sticker
开心答应,开心赞同,user-provided,,assets/cover-emotes/wushen/开心赞同/user_02_开心答应.webp,1bbe8799d3bc129786f59ae12668529fd0a61f3cfc0e78bc92efd565133e2c83,sticker
你是猪咪,无语嫌弃,cv17965114,https://i0.hdslb.com/bfs/article/ec1eea848de4ec134a07ba9d1b0a1bbaaab224b1.png,assets/cover-emotes/wushen/无语嫌弃/17965114_09_你是猪咪.png,0960290e292eb8f39d63f7479ee415a2d219e00f862f7221e868dbfa9d6a74dd,sticker
蚌,无语嫌弃,cv17965114,https://i0.hdslb.com/bfs/article/b47f1c85214bf86c2dce61590dad367034b4b826.png,assets/cover-emotes/wushen/无语嫌弃/17965114_11_蚌.png,9d0ba6dac288455883b7ddb521697ff9ca8e180e1be5eb44fb37b89149abccb7,sticker
嗯哼,无语嫌弃,cv17965114,https://i0.hdslb.com/bfs/article/b43b00687720a484937623a538469848c8c5389a.png,assets/cover-emotes/wushen/无语嫌弃/17965114_12_嗯哼.png,1c7848b17907facd5037e537a5264c2eb770298d99cc52cc264f92426df907e7,sticker
呃呃,无语嫌弃,cv17965114,https://i0.hdslb.com/bfs/article/65a4fb5abce57f0ee9c861ab5893f78c17ba529f.png,assets/cover-emotes/wushen/无语嫌弃/17965114_18_呃呃.png,5ee6cd7a24ae865e86fff902bde0f42c240228f7fa44cb05be7112540b30071b,sticker
疑惑咪,无语嫌弃,cv30277853,https://i0.hdslb.com/bfs/article/6cbdd8a97124fb39549aece2c8a8f426353403349.png,assets/cover-emotes/wushen/无语嫌弃/30277853_27_疑惑咪.png,b5e5353a00c6aa8f0f9caa048d57d50eafab09fa55edd9437ecba317cbcc0a7f,sticker
盯着咪,无语嫌弃,cv30277853,https://i0.hdslb.com/bfs/article/de7a06ad632313f9134e6f74298b9592353403349.png,assets/cover-emotes/wushen/无语嫌弃/30277853_40_盯着咪.png,a6b9753ccc63a498a770b3ed2164dcefb8bee745dc0548f0adc8d55ba17e70da,sticker
看手机嫌弃,无语嫌弃,user-provided,,assets/cover-emotes/wushen/无语嫌弃/user_01_看手机嫌弃.webp,0d80c8efe079ae7137de08031965fd1741ef86381157e91f4567de7ba26f8945,tile
无语吐槽,无语嫌弃,user-provided,,assets/cover-emotes/wushen/无语嫌弃/user_03_无语吐槽.webp,0a6222369c4284ae68f17aeed9f3df03ecdf9398f8c5051d18f6a2e0bb9a4f35,sticker
邦邦两拳,生气红温,cv17965114,https://i0.hdslb.com/bfs/article/e4445c2ffc5ad717062200782498f7f3e5565dc3.png,assets/cover-emotes/wushen/生气红温/17965114_13_邦邦两拳.png,35df19c44ba31f8551ab181e4b2a3fc140398d850058c269dc2967038fc50b3d,sticker
红温喵,生气红温,cv17965114,https://i0.hdslb.com/bfs/article/22e6fa0de0f60bf6173592d92e29b4c0e214cb80.png,assets/cover-emotes/wushen/生气红温/17965114_15_红温喵.png,e9583447bb762cb457d2226f57fa083e746b6b6754b2c7d01c7b67ba81ef1284,sticker
坏的咪,生气红温,cv30277853,https://i0.hdslb.com/bfs/article/3821bf03e58ffd2c2aac86369129e0aa353403349.png,assets/cover-emotes/wushen/生气红温/30277853_37_坏的咪.png,3ac5fd76424fd53585ac89919e815c2c37730486ba09346a6fc6d9c09382c563,sticker
叉腰咪,生气红温,cv30277853,https://i0.hdslb.com/bfs/article/03294448866f2715b1da12d9a84525c2353403349.png,assets/cover-emotes/wushen/生气红温/30277853_38_叉腰咪.png,90a94dbd517c79ae5be23542573e47b51488fe4b4cb25e8f92c0af1558585c9b,sticker
升天喵,震惊崩溃,cv17965114,https://i0.hdslb.com/bfs/article/c5401db9f69a3f1422046a058b27876ece680572.png,assets/cover-emotes/wushen/震惊崩溃/17965114_07_升天喵.png,163fac07c6925d114dac341df9486312bbf577caa5ee1923c6863fc8b70de093,sticker
扁了咪,震惊崩溃,cv30277853,https://i0.hdslb.com/bfs/article/a5fefa91d9c6163289a0c89d6e630475353403349.png,assets/cover-emotes/wushen/震惊崩溃/30277853_34_扁了咪.png,ec5f7957bb573a98e8d377c323a35d7888fd3a9312daa1837e20586eb8925cef,sticker
灵魂出窍,震惊崩溃,user-provided,,assets/cover-emotes/wushen/震惊崩溃/user_05_灵魂出窍.webp,6fafea34a74f21d6deb4ead48869c850e6ac410a7a3de4c55813f6bd732d656e,tile
